Jurisdiction,Week of Allocations,1st Dose Allocations,2nd Dose Allocations
Connecticut,6/21/21,"54,360","54,360"
Maine,6/21/21,"21,420","21,420"
Massachusetts,6/21/21,"104,580","104,580"
New Hampshire,6/21/21,"21,420","21,420"
Rhode Island,6/21/21,"17,280","17,280"
Vermont,6/21/21,"11,070","11,070"
New Jersey,6/21/21,"132,210","132,210"
New York,6/21/21,"167,670","167,670"
New York City,6/21/21,"128,070","128,070"
Puerto Rico,6/21/21,"52,290","52,290"
U.S. Virgin Islands,6/21/21,"3,240","3,240"
Delaware,6/21/21,"15,210","15,210"
District of Columbia,6/21/21,"11,520","11,520"
Maryland,6/21/21,"89,370","89,370"
Pennsylvania,6/21/21,"170,460","170,460"
Philadelphia,6/21/21,"24,660","24,660"
Virginia,6/21/21,"126,000","126,000"
West Virginia,6/21/21,"28,800","28,800"
Alabama,6/21/21,"72,090","72,090"
Florida,6/21/21,"314,640","314,640"
Georgia,6/21/21,"149,490","149,490"
Kentucky,6/21/21,"65,880","65,880"
Mississippi,6/21/21,"44,460","44,460"
North Carolina,6/21/21,"149,940","149,940"
South Carolina,6/21/21,"74,160","74,160"
Tennessee,6/21/21,"98,820","98,820"
Chicago,6/21/21,"40,770","40,770"
Illinois,6/21/21,"149,490","149,490"
Indiana,6/21/21,"97,200","97,200"
Michigan,6/21/21,"147,870","147,870"
Minnesota,6/21/21,"81,540","81,540"
Ohio,6/21/21,"172,530","172,530"
Wisconsin,6/21/21,"85,680","85,680"
Arkansas,6/21/21,"44,460","44,460"
Louisiana,6/21/21,"69,120","69,120"
New Mexico,6/21/21,"32,490","32,490"
Oklahoma,6/21/21,"57,600","57,600"
Texas,6/21/21,"393,660","393,660"
Iowa,6/21/21,"46,530","46,530"
Kansas,6/21/21,"42,390","42,390"
Missouri,6/21/21,"89,820","89,820"
Nebraska,6/21/21,"28,800","28,800"
Colorado,6/21/21,"82,710","82,710"
Montana,6/21/21,"16,830","16,830"
North Dakota,6/21/21,"11,520","11,520"
South Dakota,6/21/21,"13,140","13,140"
Utah,6/21/21,"41,220","41,220"
Wyoming,6/21/21,"9,450","9,450"
Arizona,6/21/21,"102,510","102,510"
California,6/21/21,"575,640","575,640"
Hawaii,6/21/21,"22,590","22,590"
Nevada,6/21/21,"42,840","42,840"
American Samoa,6/21/21,0,0
Guam,6/21/21,0,0
Marshall Islands,6/21/21,0,0
Micronesia,6/21/21,0,0
Mariana Islands,6/21/21,0,0
Palau,6/21/21,0,0
Alaska,6/21/21,"16,830","16,830"
Idaho,6/21/21,"25,110","25,110"
Oregon,6/21/21,"62,190","62,190"
Washington,6/21/21,"109,170","109,170"
Federal Entities,6/21/21,"219,060","219,060"
Connecticut,6/14/21,"54,360","54,360"
Maine,6/14/21,"21,420","21,420"
Massachusetts,6/14/21,"104,580","104,580"
New Hampshire,6/14/21,"21,420","21,420"
Rhode Island,6/14/21,"17,280","17,280"
Vermont,6/14/21,"11,070","11,070"
New Jersey,6/14/21,"132,210","132,210"
New York,6/14/21,"167,670","167,670"
New York City,6/14/21,"128,070","128,070"
Puerto Rico,6/14/21,"52,290","52,290"
U.S. Virgin Islands,6/14/21,"3,240","3,240"
Delaware,6/14/21,"15,210","15,210"
District of Columbia,6/14/21,"11,520","11,520"
Maryland,6/14/21,"89,370","89,370"
Pennsylvania,6/14/21,"170,460","170,460"
Philadelphia,6/14/21,"24,660","24,660"
Virginia,6/14/21,"126,000","126,000"
West Virginia,6/14/21,"28,800","28,800"
Alabama,6/14/21,"72,090","72,090"
Florida,6/14/21,"314,640","314,640"
Georgia,6/14/21,"149,490","149,490"
Kentucky,6/14/21,"65,880","65,880"
Mississippi,6/14/21,"44,460","44,460"
North Carolina,6/14/21,"149,940","149,940"
South Carolina,6/14/21,"74,160","74,160"
Tennessee,6/14/21,"98,820","98,820"
Chicago,6/14/21,"40,770","40,770"
Illinois,6/14/21,"149,490","149,490"
Indiana,6/14/21,"97,200","97,200"
Michigan,6/14/21,"147,870","147,870"
Minnesota,6/14/21,"81,540","81,540"
Ohio,6/14/21,"172,530","172,530"
Wisconsin,6/14/21,"85,680","85,680"
Arkansas,6/14/21,"44,460","44,460"
Louisiana,6/14/21,"69,120","69,120"
New Mexico,6/14/21,"32,490","32,490"
Oklahoma,6/14/21,"57,600","57,600"
Texas,6/14/21,"393,660","393,660"
Iowa,6/14/21,"46,530","46,530"
Kansas,6/14/21,"42,390","42,390"
Missouri,6/14/21,"89,820","89,820"
Nebraska,6/14/21,"28,800","28,800"
Colorado,6/14/21,"82,710","82,710"
Montana,6/14/21,"16,830","16,830"
North Dakota,6/14/21,"11,520","11,520"
South Dakota,6/14/21,"13,140","13,140"
Utah,6/14/21,"41,220","41,220"
Wyoming,6/14/21,"9,450","9,450"
Arizona,6/14/21,"102,510","102,510"
California,6/14/21,"575,640","575,640"
Hawaii,6/14/21,"22,590","22,590"
Nevada,6/14/21,"42,840","42,840"
American Samoa,6/14/21,0,0
Guam,6/14/21,0,0
Marshall Islands,6/14/21,0,0
Micronesia,6/14/21,0,0
Mariana Islands,6/14/21,0,0
Palau,6/14/21,0,0
Alaska,6/14/21,"16,830","16,830"
Idaho,6/14/21,"25,110","25,110"
Oregon,6/14/21,"62,190","62,190"
Washington,6/14/21,"109,170","109,170"
Federal Entities,6/14/21,"219,060","219,060"
Connecticut,6/7/21,"54,360","54,360"
Maine,6/7/21,"21,420","21,420"
Massachusetts,6/7/21,"104,580","104,580"
New Hampshire,6/7/21,"21,420","21,420"
Rhode Island,6/7/21,"17,280","17,280"
Vermont,6/7/21,"11,070","11,070"
New Jersey,6/7/21,"132,210","132,210"
New York,6/7/21,"167,670","167,670"
New York City,6/7/21,"128,070","128,070"
Puerto Rico,6/7/21,"52,290","52,290"
U.S. Virgin Islands,6/7/21,"3,240","3,240"
Delaware,6/7/21,"15,210","15,210"
District of Columbia,6/7/21,"11,520","11,520"
Maryland,6/7/21,"89,370","89,370"
Pennsylvania,6/7/21,"170,460","170,460"
Philadelphia,6/7/21,"24,660","24,660"
Virginia,6/7/21,"126,000","126,000"
West Virginia,6/7/21,"28,800","28,800"
Alabama,6/7/21,"72,090","72,090"
Florida,6/7/21,"314,640","314,640"
Georgia,6/7/21,"149,490","149,490"
Kentucky,6/7/21,"65,880","65,880"
Mississippi,6/7/21,"44,460","44,460"
North Carolina,6/7/21,"149,940","149,940"
South Carolina,6/7/21,"74,160","74,160"
Tennessee,6/7/21,"98,820","98,820"
Chicago,6/7/21,"40,770","40,770"
Illinois,6/7/21,"149,490","149,490"
Indiana,6/7/21,"97,200","97,200"
Michigan,6/7/21,"147,870","147,870"
Minnesota,6/7/21,"81,540","81,540"
Ohio,6/7/21,"172,530","172,530"
Wisconsin,6/7/21,"85,680","85,680"
Arkansas,6/7/21,"44,460","44,460"
Louisiana,6/7/21,"69,120","69,120"
New Mexico,6/7/21,"32,490","32,490"
Oklahoma,6/7/21,"57,600","57,600"
Texas,6/7/21,"393,660","393,660"
Iowa,6/7/21,"46,530","46,530"
Kansas,6/7/21,"42,390","42,390"
Missouri,6/7/21,"89,820","89,820"
Nebraska,6/7/21,"28,800","28,800"
Colorado,6/7/21,"82,710","82,710"
Montana,6/7/21,"16,830","16,830"
North Dakota,6/7/21,"11,520","11,520"
South Dakota,6/7/21,"13,140","13,140"
Utah,6/7/21,"41,220","41,220"
Wyoming,6/7/21,"9,450","9,450"
Arizona,6/7/21,"102,510","102,510"
California,6/7/21,"575,640","575,640"
Hawaii,6/7/21,"22,590","22,590"
Nevada,6/7/21,"42,840","42,840"
American Samoa,6/7/21,0,0
Guam,6/7/21,0,0
Marshall Islands,6/7/21,0,0
Micronesia,6/7/21,0,0
Mariana Islands,6/7/21,0,0
Palau,6/7/21,0,0
Alaska,6/7/21,"16,830","16,830"
Idaho,6/7/21,"25,110","25,110"
Oregon,6/7/21,"62,190","62,190"
Washington,6/7/21,"109,170","109,170"
Federal Entities,6/7/21,"219,060","219,060"
Connecticut,5/31/21,"54,360","54,360"
Maine,5/31/21,"21,420","21,420"
Massachusetts,5/31/21,"104,580","104,580"
New Hampshire,5/31/21,"21,420","21,420"
Rhode Island,5/31/21,"17,280","17,280"
Vermont,5/31/21,"11,070","11,070"
New Jersey,5/31/21,"132,210","132,210"
New York,5/31/21,"167,670","167,670"
New York City,5/31/21,"128,070","128,070"
Puerto Rico,5/31/21,"52,290","52,290"
U.S. Virgin Islands,5/31/21,"3,240","3,240"
Delaware,5/31/21,"15,210","15,210"
District of Columbia,5/31/21,"11,520","11,520"
Maryland,5/31/21,"89,370","89,370"
Pennsylvania,5/31/21,"170,460","170,460"
Philadelphia,5/31/21,"24,660","24,660"
Virginia,5/31/21,"126,000","126,000"
West Virginia,5/31/21,"28,800","28,800"
Alabama,5/31/21,"72,090","72,090"
Florida,5/31/21,"314,640","314,640"
Georgia,5/31/21,"149,490","149,490"
Kentucky,5/31/21,"65,880","65,880"
Mississippi,5/31/21,"44,460","44,460"
North Carolina,5/31/21,"149,940","149,940"
South Carolina,5/31/21,"74,160","74,160"
Tennessee,5/31/21,"98,820","98,820"
Chicago,5/31/21,"40,770","40,770"
Illinois,5/31/21,"149,490","149,490"
Indiana,5/31/21,"97,200","97,200"
Michigan,5/31/21,"147,870","147,870"
Minnesota,5/31/21,"81,540","81,540"
Ohio,5/31/21,"172,530","172,530"
Wisconsin,5/31/21,"85,680","85,680"
Arkansas,5/31/21,"44,460","44,460"
Louisiana,5/31/21,"69,120","69,120"
New Mexico,5/31/21,"32,490","32,490"
Oklahoma,5/31/21,"57,600","57,600"
Texas,5/31/21,"393,660","393,660"
Iowa,5/31/21,"46,530","46,530"
Kansas,5/31/21,"42,390","42,390"
Missouri,5/31/21,"89,820","89,820"
Nebraska,5/31/21,"28,800","28,800"
Colorado,5/31/21,"82,710","82,710"
Montana,5/31/21,"16,830","16,830"
North Dakota,5/31/21,"11,520","11,520"
South Dakota,5/31/21,"13,140","13,140"
Utah,5/31/21,"41,220","41,220"
Wyoming,5/31/21,"9,450","9,450"
Arizona,5/31/21,"102,510","102,510"
California,5/31/21,"575,640","575,640"
Hawaii,5/31/21,"22,590","22,590"
Nevada,5/31/21,"42,840","42,840"
American Samoa,5/31/21,0,0
Guam,5/31/21,0,0
Marshall Islands,5/31/21,0,0
Micronesia,5/31/21,0,0
Mariana Islands,5/31/21,0,0
Palau,5/31/21,0,0
Alaska,5/31/21,"16,830","16,830"
Idaho,5/31/21,"25,110","25,110"
Oregon,5/31/21,"62,190","62,190"
Washington,5/31/21,"109,170","109,170"
Federal Entities,5/31/21,"218,790","218,790"
Connecticut,5/24/21,"54,990","54,990"
Maine,5/24/21,"21,060","21,060"
Massachusetts,5/24/21,"105,300","105,300"
New Hampshire,5/24/21,"21,060","21,060"
Rhode Island,5/24/21,"16,380","16,380"
Vermont,5/24/21,"10,530","10,530"
New Jersey,5/24/21,"132,210","132,210"
New York,5/24/21,"168,480","168,480"
New York City,5/24/21,"128,700","128,700"
Puerto Rico,5/24/21,"52,650","52,650"
U.S. Virgin Islands,5/24/21,"2,340","2,340"
Delaware,5/24/21,"15,210","15,210"
District of Columbia,5/24/21,"11,700","11,700"
Maryland,5/24/21,"90,090","90,090"
Pennsylvania,5/24/21,"170,820","170,820"
Philadelphia,5/24/21,"24,570","24,570"
Virginia,5/24/21,"126,360","126,360"
West Virginia,5/24/21,"28,080","28,080"
Alabama,5/24/21,"72,540","72,540"
Florida,5/24/21,"314,730","314,730"
Georgia,5/24/21,"149,760","149,760"
Kentucky,5/24/21,"66,690","66,690"
Mississippi,5/24/21,"44,460","44,460"
North Carolina,5/24/21,"150,930","150,930"
South Carolina,5/24/21,"74,880","74,880"
Tennessee,5/24/21,"99,450","99,450"
Chicago,5/24/21,"40,950","40,950"
Illinois,5/24/21,"149,760","149,760"
Indiana,5/24/21,"97,110","97,110"
Michigan,5/24/21,"148,590","148,590"
Minnesota,5/24/21,"81,900","81,900"
Ohio,5/24/21,"173,160","173,160"
Wisconsin,5/24/21,"86,580","86,580"
Arkansas,5/24/21,"44,460","44,460"
Louisiana,5/24/21,"69,030","69,030"
New Mexico,5/24/21,"31,590","31,590"
Oklahoma,5/24/21,"57,330","57,330"
Texas,5/24/21,"394,290","394,290"
Iowa,5/24/21,"46,800","46,800"
Kansas,5/24/21,"42,120","42,120"
Missouri,5/24/21,"90,090","90,090"
Nebraska,5/24/21,"28,080","28,080"
Colorado,5/24/21,"81,900","81,900"
Montana,5/24/21,"16,380","16,380"
North Dakota,5/24/21,"11,700","11,700"
South Dakota,5/24/21,"12,870","12,870"
Utah,5/24/21,"40,950","40,950"
Wyoming,5/24/21,"9,360","9,360"
Arizona,5/24/21,"102,960","102,960"
California,5/24/21,"575,640","575,640"
Hawaii,5/24/21,"22,230","22,230"
Nevada,5/24/21,"43,290","43,290"
American Samoa,5/24/21,0,0
Guam,5/24/21,0,0
Marshall Islands,5/24/21,0,0
Micronesia,5/24/21,0,0
Mariana Islands,5/24/21,0,0
Palau,5/24/21,0,0
Alaska,5/24/21,"16,380","16,380"
Idaho,5/24/21,"24,570","24,570"
Oregon,5/24/21,"62,010","62,010"
Washington,5/24/21,"109,980","109,980"
Federal Entities,5/24/21,"218,790","218,790"
Connecticut,5/17/21,"54,990","54,990"
Maine,5/17/21,"21,060","21,060"
Massachusetts,5/17/21,"105,300","105,300"
New Hampshire,5/17/21,"21,060","21,060"
Rhode Island,5/17/21,"16,380","16,380"
Vermont,5/17/21,"10,530","10,530"
New Jersey,5/17/21,"132,210","132,210"
New York,5/17/21,"168,480","168,480"
New York City,5/17/21,"128,700","128,700"
Puerto Rico,5/17/21,"52,650","52,650"
U.S. Virgin Islands,5/17/21,"2,340","2,340"
Delaware,5/17/21,"15,210","15,210"
District of Columbia,5/17/21,"11,700","11,700"
Maryland,5/17/21,"90,090","90,090"
Pennsylvania,5/17/21,"170,820","170,820"
Philadelphia,5/17/21,"24,570","24,570"
Virginia,5/17/21,"126,360","126,360"
West Virginia,5/17/21,"28,080","28,080"
Alabama,5/17/21,"72,540","72,540"
Florida,5/17/21,"314,730","314,730"
Georgia,5/17/21,"149,760","149,760"
Kentucky,5/17/21,"66,690","66,690"
Mississippi,5/17/21,"44,460","44,460"
North Carolina,5/17/21,"150,930","150,930"
South Carolina,5/17/21,"74,880","74,880"
Tennessee,5/17/21,"99,450","99,450"
Chicago,5/17/21,"40,950","40,950"
Illinois,5/17/21,"149,760","149,760"
Indiana,5/17/21,"97,110","97,110"
Michigan,5/17/21,"148,590","148,590"
Minnesota,5/17/21,"81,900","81,900"
Ohio,5/17/21,"173,160","173,160"
Wisconsin,5/17/21,"86,580","86,580"
Arkansas,5/17/21,"44,460","44,460"
Louisiana,5/17/21,"69,030","69,030"
New Mexico,5/17/21,"31,590","31,590"
Oklahoma,5/17/21,"57,330","57,330"
Texas,5/17/21,"394,290","394,290"
Iowa,5/17/21,"46,800","46,800"
Kansas,5/17/21,"42,120","42,120"
Missouri,5/17/21,"90,090","90,090"
Nebraska,5/17/21,"28,080","28,080"
Colorado,5/17/21,"81,900","81,900"
Montana,5/17/21,"16,380","16,380"
North Dakota,5/17/21,"11,700","11,700"
South Dakota,5/17/21,"12,870","12,870"
Utah,5/17/21,"40,950","40,950"
Wyoming,5/17/21,"9,360","9,360"
Arizona,5/17/21,"102,960","102,960"
California,5/17/21,"575,640","575,640"
Hawaii,5/17/21,"22,230","22,230"
Nevada,5/17/21,"43,290","43,290"
American Samoa,5/17/21,0,0
Guam,5/17/21,0,0
Marshall Islands,5/17/21,0,0
Micronesia,5/17/21,0,0
Mariana Islands,5/17/21,0,0
Palau,5/17/21,0,0
Alaska,5/17/21,"16,380","16,380"
Idaho,5/17/21,"24,570","24,570"
Oregon,5/17/21,"62,010","62,010"
Washington,5/17/21,"109,980","109,980"
Federal Entities,5/17/21,"218,790","218,790"
Connecticut,5/10/21,"54,990","54,990"
Maine,5/10/21,"21,060","21,060"
Massachusetts,5/10/21,"105,300","105,300"
New Hampshire,5/10/21,"21,060","21,060"
Rhode Island,5/10/21,"16,380","16,380"
Vermont,5/10/21,"10,530","10,530"
New Jersey,5/10/21,"132,210","132,210"
New York,5/10/21,"168,480","168,480"
New York City,5/10/21,"128,700","128,700"
Puerto Rico,5/10/21,"52,650","52,650"
U.S. Virgin Islands,5/10/21,"2,340","2,340"
Delaware,5/10/21,"15,210","15,210"
District of Columbia,5/10/21,"11,700","11,700"
Maryland,5/10/21,"90,090","90,090"
Pennsylvania,5/10/21,"170,820","170,820"
Philadelphia,5/10/21,"24,570","24,570"
Virginia,5/10/21,"126,360","126,360"
West Virginia,5/10/21,"28,080","28,080"
Alabama,5/10/21,"72,540","72,540"
Florida,5/10/21,"314,730","314,730"
Georgia,5/10/21,"149,760","149,760"
Kentucky,5/10/21,"66,690","66,690"
Mississippi,5/10/21,"44,460","44,460"
North Carolina,5/10/21,"150,930","150,930"
South Carolina,5/10/21,"74,880","74,880"
Tennessee,5/10/21,"99,450","99,450"
Chicago,5/10/21,"40,950","40,950"
Illinois,5/10/21,"149,760","149,760"
Indiana,5/10/21,"97,110","97,110"
Michigan,5/10/21,"148,590","148,590"
Minnesota,5/10/21,"81,900","81,900"
Ohio,5/10/21,"173,160","173,160"
Wisconsin,5/10/21,"86,580","86,580"
Arkansas,5/10/21,"44,460","44,460"
Louisiana,5/10/21,"69,030","69,030"
New Mexico,5/10/21,"31,590","31,590"
Oklahoma,5/10/21,"57,330","57,330"
Texas,5/10/21,"394,290","394,290"
Iowa,5/10/21,"46,800","46,800"
Kansas,5/10/21,"42,120","42,120"
Missouri,5/10/21,"90,090","90,090"
Nebraska,5/10/21,"28,080","28,080"
Colorado,5/10/21,"81,900","81,900"
Montana,5/10/21,"16,380","16,380"
North Dakota,5/10/21,"11,700","11,700"
South Dakota,5/10/21,"12,870","12,870"
Utah,5/10/21,"40,950","40,950"
Wyoming,5/10/21,"9,360","9,360"
Arizona,5/10/21,"102,960","102,960"
California,5/10/21,"575,640","575,640"
Hawaii,5/10/21,"22,230","22,230"
Nevada,5/10/21,"43,290","43,290"
American Samoa,5/10/21,0,0
Guam,5/10/21,0,0
Marshall Islands,5/10/21,0,0
Micronesia,5/10/21,0,0
Mariana Islands,5/10/21,0,0
Palau,5/10/21,0,0
Alaska,5/10/21,"16,380","16,380"
Idaho,5/10/21,"24,570","24,570"
Oregon,5/10/21,"62,010","62,010"
Washington,5/10/21,"109,980","109,980"
Federal Entities,5/10/21,"218,790","218,790"
Connecticut,5/3/21,"54,990","54,990"
Maine,5/3/21,"21,060","21,060"
Massachusetts,5/3/21,"105,300","105,300"
New Hampshire,5/3/21,"21,060","21,060"
Rhode Island,5/3/21,"16,380","16,380"
Vermont,5/3/21,"10,530","10,530"
New Jersey,5/3/21,"132,210","132,210"
New York,5/3/21,"168,480","168,480"
New York City,5/3/21,"128,700","128,700"
Puerto Rico,5/3/21,"52,650","52,650"
U.S. Virgin Islands,5/3/21,"2,340","2,340"
Delaware,5/3/21,"15,210","15,210"
District of Columbia,5/3/21,"11,700","11,700"
Maryland,5/3/21,"90,090","90,090"
Pennsylvania,5/3/21,"170,820","170,820"
Philadelphia,5/3/21,"24,570","24,570"
Virginia,5/3/21,"126,360","126,360"
West Virginia,5/3/21,"28,080","28,080"
Alabama,5/3/21,"72,540","72,540"
Florida,5/3/21,"314,730","314,730"
Georgia,5/3/21,"149,760","149,760"
Kentucky,5/3/21,"66,690","66,690"
Mississippi,5/3/21,"44,460","44,460"
North Carolina,5/3/21,"150,930","150,930"
South Carolina,5/3/21,"74,880","74,880"
Tennessee,5/3/21,"99,450","99,450"
Chicago,5/3/21,"40,950","40,950"
Illinois,5/3/21,"149,760","149,760"
Indiana,5/3/21,"97,110","97,110"
Michigan,5/3/21,"148,590","148,590"
Minnesota,5/3/21,"81,900","81,900"
Ohio,5/3/21,"173,160","173,160"
Wisconsin,5/3/21,"86,580","86,580"
Arkansas,5/3/21,"44,460","44,460"
Louisiana,5/3/21,"69,030","69,030"
New Mexico,5/3/21,"31,590","31,590"
Oklahoma,5/3/21,"57,330","57,330"
Texas,5/3/21,"394,290","394,290"
Iowa,5/3/21,"46,800","46,800"
Kansas,5/3/21,"42,120","42,120"
Missouri,5/3/21,"90,090","90,090"
Nebraska,5/3/21,"28,080","28,080"
Colorado,5/3/21,"81,900","81,900"
Montana,5/3/21,"16,380","16,380"
North Dakota,5/3/21,"11,700","11,700"
South Dakota,5/3/21,"12,870","12,870"
Utah,5/3/21,"40,950","40,950"
Wyoming,5/3/21,"9,360","9,360"
Arizona,5/3/21,"102,960","102,960"
California,5/3/21,"575,640","575,640"
Hawaii,5/3/21,"22,230","22,230"
Nevada,5/3/21,"43,290","43,290"
American Samoa,5/3/21,0,0
Guam,5/3/21,0,0
Marshall Islands,5/3/21,0,0
Micronesia,5/3/21,0,0
Mariana Islands,5/3/21,0,0
Palau,5/3/21,0,0
Alaska,5/3/21,"18,720","18,720"
Idaho,5/3/21,"24,570","24,570"
Oregon,5/3/21,"62,010","62,010"
Washington,5/3/21,"109,980","109,980"
Federal Entities,5/3/21,"218,790","218,790"
Connecticut,4/26/21,"54,990","54,990"
Maine,4/26/21,"21,060","21,060"
Massachusetts,4/26/21,"105,300","105,300"
New Hampshire,4/26/21,"21,060","21,060"
Rhode Island,4/26/21,"16,380","16,380"
Vermont,4/26/21,"10,530","10,530"
New Jersey,4/26/21,"132,210","132,210"
New York,4/26/21,"168,480","168,480"
New York City,4/26/21,"128,700","128,700"
Puerto Rico,4/26/21,"52,650","52,650"
U.S. Virgin Islands,4/26/21,"2,340","2,340"
Delaware,4/26/21,"15,210","15,210"
District of Columbia,4/26/21,"11,700","11,700"
Maryland,4/26/21,"90,090","90,090"
Pennsylvania,4/26/21,"170,820","170,820"
Philadelphia,4/26/21,"24,570","24,570"
Virginia,4/26/21,"126,360","126,360"
West Virginia,4/26/21,"28,080","28,080"
Alabama,4/26/21,"72,540","72,540"
Florida,4/26/21,"314,730","314,730"
Georgia,4/26/21,"149,760","149,760"
Kentucky,4/26/21,"66,690","66,690"
Mississippi,4/26/21,"44,460","44,460"
North Carolina,4/26/21,"150,930","150,930"
South Carolina,4/26/21,"74,880","74,880"
Tennessee,4/26/21,"99,450","99,450"
Chicago,4/26/21,"40,950","40,950"
Illinois,4/26/21,"149,760","149,760"
Indiana,4/26/21,"97,110","97,110"
Michigan,4/26/21,"148,590","148,590"
Minnesota,4/26/21,"81,900","81,900"
Ohio,4/26/21,"173,160","173,160"
Wisconsin,4/26/21,"86,580","86,580"
Arkansas,4/26/21,"44,460","44,460"
Louisiana,4/26/21,"69,030","69,030"
New Mexico,4/26/21,"31,590","31,590"
Oklahoma,4/26/21,"57,330","57,330"
Texas,4/26/21,"394,290","394,290"
Iowa,4/26/21,"46,800","46,800"
Kansas,4/26/21,"42,120","42,120"
Missouri,4/26/21,"90,090","90,090"
Nebraska,4/26/21,"28,080","28,080"
Colorado,4/26/21,"81,900","81,900"
Montana,4/26/21,"16,380","16,380"
North Dakota,4/26/21,"11,700","11,700"
South Dakota,4/26/21,"12,870","12,870"
Utah,4/26/21,"40,950","40,950"
Wyoming,4/26/21,"9,360","9,360"
Arizona,4/26/21,"102,960","102,960"
California,4/26/21,"575,640","575,640"
Hawaii,4/26/21,"22,230","22,230"
Nevada,4/26/21,"43,290","43,290"
American Samoa,4/26/21,0,0
Guam,4/26/21,0,0
Marshall Islands,4/26/21,0,0
Micronesia,4/26/21,0,0
Mariana Islands,4/26/21,0,0
Palau,4/26/21,0,0
Alaska,4/26/21,0,0
Idaho,4/26/21,"24,570","24,570"
Oregon,4/26/21,"62,010","62,010"
Washington,4/26/21,"109,980","109,980"
Federal Entities,4/26/21,"218,790","218,790"
Connecticut,4/19/21,"54,990","54,990"
Maine,4/19/21,"21,060","21,060"
Massachusetts,4/19/21,"105,300","105,300"
New Hampshire,4/19/21,"21,060","21,060"
Rhode Island,4/19/21,"16,380","16,380"
Vermont,4/19/21,"10,530","10,530"
New Jersey,4/19/21,"132,210","132,210"
New York,4/19/21,"168,480","168,480"
New York City,4/19/21,"128,700","128,700"
Puerto Rico,4/19/21,"52,650","52,650"
U.S. Virgin Islands,4/19/21,"2,340","2,340"
Delaware,4/19/21,"15,210","15,210"
District of Columbia,4/19/21,"11,700","11,700"
Maryland,4/19/21,"90,090","90,090"
Pennsylvania,4/19/21,"170,820","170,820"
Philadelphia,4/19/21,"24,570","24,570"
Virginia,4/19/21,"126,360","126,360"
West Virginia,4/19/21,"28,080","28,080"
Alabama,4/19/21,"72,540","72,540"
Florida,4/19/21,"314,730","314,730"
Georgia,4/19/21,"149,760","149,760"
Kentucky,4/19/21,"66,690","66,690"
Mississippi,4/19/21,"44,460","44,460"
North Carolina,4/19/21,"150,930","150,930"
South Carolina,4/19/21,"74,880","74,880"
Tennessee,4/19/21,"99,450","99,450"
Chicago,4/19/21,"40,950","40,950"
Illinois,4/19/21,"149,760","149,760"
Indiana,4/19/21,"97,110","97,110"
Michigan,4/19/21,"148,590","148,590"
Minnesota,4/19/21,"81,900","81,900"
Ohio,4/19/21,"173,160","173,160"
Wisconsin,4/19/21,"86,580","86,580"
Arkansas,4/19/21,"44,460","44,460"
Louisiana,4/19/21,"69,030","69,030"
New Mexico,4/19/21,"31,590","31,590"
Oklahoma,4/19/21,"57,330","57,330"
Texas,4/19/21,"394,290","394,290"
Iowa,4/19/21,"46,800","46,800"
Kansas,4/19/21,"42,120","42,120"
Missouri,4/19/21,"90,090","90,090"
Nebraska,4/19/21,"28,080","28,080"
Colorado,4/19/21,"81,900","81,900"
Montana,4/19/21,"16,380","16,380"
North Dakota,4/19/21,"11,700","11,700"
South Dakota,4/19/21,"12,870","12,870"
Utah,4/19/21,"40,950","40,950"
Wyoming,4/19/21,"9,360","9,360"
Arizona,4/19/21,"102,960","102,960"
California,4/19/21,"575,640","575,640"
Hawaii,4/19/21,"22,230","22,230"
Nevada,4/19/21,"43,290","43,290"
American Samoa,4/19/21,0,0
Guam,4/19/21,0,0
Marshall Islands,4/19/21,0,0
Micronesia,4/19/21,0,0
Mariana Islands,4/19/21,0,0
Palau,4/19/21,0,0
Alaska,4/19/21,0,0
Idaho,4/19/21,"24,570","24,570"
Oregon,4/19/21,"62,010","62,010"
Washington,4/19/21,"109,980","109,980"
Federal Entities,4/19/21,"203,580","203,580"
Connecticut,4/12/21,"51,480","51,480"
Maine,4/12/21,"19,890","19,890"
Massachusetts,4/12/21,"97,110","97,110"
New Hampshire,4/12/21,"19,890","19,890"
Rhode Island,4/12/21,"15,210","15,210"
Vermont,4/12/21,"9,360","9,360"
New Jersey,4/12/21,"124,020","124,020"
New York,4/12/21,"156,780","156,780"
New York City,4/12/21,"119,340","119,340"
Puerto Rico,4/12/21,"49,140","49,140"
U.S. Virgin Islands,4/12/21,"2,340","2,340"
Delaware,4/12/21,"14,040","14,040"
District of Columbia,4/12/21,"10,530","10,530"
Maryland,4/12/21,"83,070","83,070"
Pennsylvania,4/12/21,"159,120","159,120"
Philadelphia,4/12/21,"22,230","22,230"
Virginia,4/12/21,"117,000","117,000"
West Virginia,4/12/21,"26,910","26,910"
Alabama,4/12/21,"67,860","67,860"
Florida,4/12/21,"293,670","293,670"
Georgia,4/12/21,"139,230","139,230"
Kentucky,4/12/21,"62,010","62,010"
Mississippi,4/12/21,"40,950","40,950"
North Carolina,4/12/21,"140,400","140,400"
South Carolina,4/12/21,"69,030","69,030"
Tennessee,4/12/21,"92,430","92,430"
Chicago,4/12/21,"37,440","37,440"
Illinois,4/12/21,"139,230","139,230"
Indiana,4/12/21,"91,260","91,260"
Michigan,4/12/21,"139,230","139,230"
Minnesota,4/12/21,"76,050","76,050"
Ohio,4/12/21,"161,460","161,460"
Wisconsin,4/12/21,"80,730","80,730"
Arkansas,4/12/21,"40,950","40,950"
Louisiana,4/12/21,"64,350","64,350"
New Mexico,4/12/21,"29,250","29,250"
Oklahoma,4/12/21,"53,820","53,820"
Texas,4/12/21,"367,380","367,380"
Iowa,4/12/21,"43,290","43,290"
Kansas,4/12/21,"39,780","39,780"
Missouri,4/12/21,"84,240","84,240"
Nebraska,4/12/21,"26,910","26,910"
Colorado,4/12/21,"76,050","76,050"
Montana,4/12/21,"15,210","15,210"
North Dakota,4/12/21,"10,530","10,530"
South Dakota,4/12/21,"11,700","11,700"
Utah,4/12/21,"38,610","38,610"
Wyoming,4/12/21,"8,190","8,190"
Arizona,4/12/21,"95,940","95,940"
California,4/12/21,"535,860","535,860"
Hawaii,4/12/21,"19,890","19,890"
Nevada,4/12/21,"40,950","40,950"
American Samoa,4/12/21,0,0
Guam,4/12/21,0,0
Marshall Islands,4/12/21,0,0
Micronesia,4/12/21,0,0
Mariana Islands,4/12/21,0,0
Palau,4/12/21,0,0
Alaska,4/12/21,0,0
Idaho,4/12/21,"23,400","23,400"
Oregon,4/12/21,"58,500","58,500"
Washington,4/12/21,"102,960","102,960"
Federal Entities,4/12/21,"201,240","201,240"
Connecticut,4/5/21,"50,310","50,310"
Maine,4/5/21,"19,890","19,890"
Massachusetts,4/5/21,"95,940","95,940"
New Hampshire,4/5/21,"19,890","19,890"
Rhode Island,4/5/21,"15,210","15,210"
Vermont,4/5/21,"9,360","9,360"
New Jersey,4/5/21,"120,510","120,510"
New York,4/5/21,"153,270","153,270"
New York City,4/5/21,"117,000","117,000"
Puerto Rico,4/5/21,"47,970","47,970"
U.S. Virgin Islands,4/5/21,"2,340","2,340"
Delaware,4/5/21,"14,040","14,040"
District of Columbia,4/5/21,"10,530","10,530"
Maryland,4/5/21,"81,900","81,900"
Pennsylvania,4/5/21,"155,610","155,610"
Philadelphia,4/5/21,"22,230","22,230"
Virginia,4/5/21,"114,660","114,660"
West Virginia,4/5/21,"25,740","25,740"
Alabama,4/5/21,"66,690","66,690"
Florida,4/5/21,"286,650","286,650"
Georgia,4/5/21,"136,890","136,890"
Kentucky,4/5/21,"60,840","60,840"
Mississippi,4/5/21,"39,780","39,780"
North Carolina,4/5/21,"138,060","138,060"
South Carolina,4/5/21,"67,860","67,860"
Tennessee,4/5/21,"90,090","90,090"
Chicago,4/5/21,"37,440","37,440"
Illinois,4/5/21,"136,890","136,890"
Indiana,4/5/21,"88,920","88,920"
Michigan,4/5/21,"135,720","135,720"
Minnesota,4/5/21,"74,880","74,880"
Ohio,4/5/21,"157,950","157,950"
Wisconsin,4/5/21,"79,560","79,560"
Arkansas,4/5/21,"39,780","39,780"
Louisiana,4/5/21,"62,010","62,010"
New Mexico,4/5/21,"29,250","29,250"
Oklahoma,4/5/21,"52,650","52,650"
Texas,4/5/21,"359,190","359,190"
Iowa,4/5/21,"42,120","42,120"
Kansas,4/5/21,"38,610","38,610"
Missouri,4/5/21,"83,070","83,070"
Nebraska,4/5/21,"25,740","25,740"
Colorado,4/5/21,"74,880","74,880"
Montana,4/5/21,"15,210","15,210"
North Dakota,4/5/21,"10,530","10,530"
South Dakota,4/5/21,"11,700","11,700"
Utah,4/5/21,"37,440","37,440"
Wyoming,4/5/21,"8,190","8,190"
Arizona,4/5/21,"93,600","93,600"
California,4/5/21,"524,160","524,160"
Hawaii,4/5/21,"19,890","19,890"
Nevada,4/5/21,"39,780","39,780"
American Samoa,4/5/21,0,0
Guam,4/5/21,0,0
Marshall Islands,4/5/21,0,0
Micronesia,4/5/21,0,0
Mariana Islands,4/5/21,0,0
Palau,4/5/21,0,0
Alaska,4/5/21,0,0
Idaho,4/5/21,"22,230","22,230"
Oregon,4/5/21,"57,330","57,330"
Washington,4/5/21,"100,620","100,620"
Federal Entities,4/5/21,"243,360","243,360"
Connecticut,3/29/21,"60,840","60,840"
Maine,3/29/21,"23,400","23,400"
Massachusetts,3/29/21,"117,000","117,000"
New Hampshire,3/29/21,"23,400","23,400"
Rhode Island,3/29/21,"18,720","18,720"
Vermont,3/29/21,"11,700","11,700"
New Jersey,3/29/21,"148,590","148,590"
New York,3/29/21,"188,370","188,370"
New York City,3/29/21,"143,910","143,910"
Puerto Rico,3/29/21,"58,500","58,500"
U.S. Virgin Islands,3/29/21,"2,340","2,340"
Delaware,3/29/21,"16,380","16,380"
District of Columbia,3/29/21,"12,870","12,870"
Maryland,3/29/21,"100,620","100,620"
Pennsylvania,3/29/21,"190,710","190,710"
Philadelphia,3/29/21,"26,910","26,910"
Virginia,3/29/21,"140,400","140,400"
West Virginia,3/29/21,"31,590","31,590"
Alabama,3/29/21,"80,730","80,730"
Florida,3/29/21,"352,170","352,170"
Georgia,3/29/21,"167,310","167,310"
Kentucky,3/29/21,"73,710","73,710"
Mississippi,3/29/21,"49,140","49,140"
North Carolina,3/29/21,"168,480","168,480"
South Carolina,3/29/21,"83,070","83,070"
Tennessee,3/29/21,"111,150","111,150"
Chicago,3/29/21,"45,630","45,630"
Illinois,3/29/21,"167,310","167,310"
Indiana,3/29/21,"108,810","108,810"
Michigan,3/29/21,"166,140","166,140"
Minnesota,3/29/21,"91,260","91,260"
Ohio,3/29/21,"194,220","194,220"
Wisconsin,3/29/21,"97,110","97,110"
Arkansas,3/29/21,"49,140","49,140"
Louisiana,3/29/21,"77,220","77,220"
New Mexico,3/29/21,"35,100","35,100"
Oklahoma,3/29/21,"64,350","64,350"
Texas,3/29/21,"441,090","441,090"
Iowa,3/29/21,"51,480","51,480"
Kansas,3/29/21,"47,970","47,970"
Missouri,3/29/21,"101,790","101,790"
Nebraska,3/29/21,"31,590","31,590"
Colorado,3/29/21,"92,430","92,430"
Montana,3/29/21,"17,550","17,550"
North Dakota,3/29/21,"12,870","12,870"
South Dakota,3/29/21,"14,040","14,040"
Utah,3/29/21,"46,800","46,800"
Wyoming,3/29/21,"10,530","10,530"
Arizona,3/29/21,"114,660","114,660"
California,3/29/21,"644,670","644,670"
Hawaii,3/29/21,"24,570","24,570"
Nevada,3/29/21,"49,140","49,140"
American Samoa,3/29/21,"11,700",0
Guam,3/29/21,"25,740",0
Marshall Islands,3/29/21,0,0
Micronesia,3/29/21,0,0
Mariana Islands,3/29/21,"11,700",0
Palau,3/29/21,0,0
Alaska,3/29/21,"91,260","79,560"
Idaho,3/29/21,"26,910","26,910"
Oregon,3/29/21,"70,200","70,200"
Washington,3/29/21,"122,850","122,850"
Federal Entities,3/29/21,"201,240","201,240"
Connecticut,3/22/21,"50,310","50,310"
Maine,3/22/21,"19,890","19,890"
Massachusetts,3/22/21,"95,940","95,940"
New Hampshire,3/22/21,"19,890","19,890"
Rhode Island,3/22/21,"15,210","15,210"
Vermont,3/22/21,"9,360","9,360"
New Jersey,3/22/21,"120,510","120,510"
New York,3/22/21,"153,270","153,270"
New York City,3/22/21,"117,000","117,000"
Puerto Rico,3/22/21,"47,970","47,970"
U.S. Virgin Islands,3/22/21,"2,340","2,340"
Delaware,3/22/21,"14,040","14,040"
District of Columbia,3/22/21,"10,530","10,530"
Maryland,3/22/21,"81,900","81,900"
Pennsylvania,3/22/21,"155,610","155,610"
Philadelphia,3/22/21,"22,230","22,230"
Virginia,3/22/21,"114,660","114,660"
West Virginia,3/22/21,"25,740","25,740"
Alabama,3/22/21,"66,690","66,690"
Florida,3/22/21,"286,650","286,650"
Georgia,3/22/21,"136,890","136,890"
Kentucky,3/22/21,"60,840","60,840"
Mississippi,3/22/21,"39,780","39,780"
North Carolina,3/22/21,"138,060","138,060"
South Carolina,3/22/21,"67,860","67,860"
Tennessee,3/22/21,"90,090","90,090"
Chicago,3/22/21,"37,440","37,440"
Illinois,3/22/21,"136,890","136,890"
Indiana,3/22/21,"88,920","88,920"
Michigan,3/22/21,"135,720","135,720"
Minnesota,3/22/21,"74,880","74,880"
Ohio,3/22/21,"157,950","157,950"
Wisconsin,3/22/21,"79,560","79,560"
Arkansas,3/22/21,"39,780","39,780"
Louisiana,3/22/21,"62,010","62,010"
New Mexico,3/22/21,"29,250","29,250"
Oklahoma,3/22/21,"52,650","52,650"
Texas,3/22/21,"359,190","359,190"
Iowa,3/22/21,"42,120","42,120"
Kansas,3/22/21,"38,610","38,610"
Missouri,3/22/21,"83,070","83,070"
Nebraska,3/22/21,"25,740","25,740"
Colorado,3/22/21,"74,880","74,880"
Montana,3/22/21,"15,210","15,210"
North Dakota,3/22/21,"10,530","10,530"
South Dakota,3/22/21,"11,700","11,700"
Utah,3/22/21,"37,440","37,440"
Wyoming,3/22/21,"8,190","8,190"
Arizona,3/22/21,"93,600","93,600"
California,3/22/21,"524,160","524,160"
Hawaii,3/22/21,"19,890","19,890"
Nevada,3/22/21,"39,780","39,780"
American Samoa,3/22/21,0,0
Guam,3/22/21,0,0
Marshall Islands,3/22/21,0,0
Micronesia,3/22/21,0,0
Mariana Islands,3/22/21,0,0
Palau,3/22/21,0,0
Alaska,3/22/21,0,0
Idaho,3/22/21,"22,230","22,230"
Oregon,3/22/21,"57,330","57,330"
Washington,3/22/21,"100,620","100,620"
Federal Entities,3/22/21,"195,390","195,390"
Connecticut,3/15/21,"49,140","49,140"
Maine,3/15/21,"18,720","18,720"
Massachusetts,3/15/21,"93,600","93,600"
New Hampshire,3/15/21,"18,720","18,720"
Rhode Island,3/15/21,"15,210","15,210"
Vermont,3/15/21,"9,360","9,360"
New Jersey,3/15/21,"119,340","119,340"
New York,3/15/21,"150,930","150,930"
New York City,3/15/21,"114,660","114,660"
Puerto Rico,3/15/21,"46,800","46,800"
U.S. Virgin Islands,3/15/21,"2,340","2,340"
Delaware,3/15/21,"12,870","12,870"
District of Columbia,3/15/21,"10,530","10,530"
Maryland,3/15/21,"80,730","80,730"
Pennsylvania,3/15/21,"153,270","153,270"
Philadelphia,3/15/21,"22,230","22,230"
Virginia,3/15/21,"112,320","112,320"
West Virginia,3/15/21,"25,740","25,740"
Alabama,3/15/21,"65,520","65,520"
Florida,3/15/21,"281,970","281,970"
Georgia,3/15/21,"134,550","134,550"
Kentucky,3/15/21,"59,670","59,670"
Mississippi,3/15/21,"39,780","39,780"
North Carolina,3/15/21,"135,720","135,720"
South Carolina,3/15/21,"66,690","66,690"
Tennessee,3/15/21,"88,920","88,920"
Chicago,3/15/21,"36,270","36,270"
Illinois,3/15/21,"134,550","134,550"
Indiana,3/15/21,"87,750","87,750"
Michigan,3/15/21,"133,380","133,380"
Minnesota,3/15/21,"73,710","73,710"
Ohio,3/15/21,"155,610","155,610"
Wisconsin,3/15/21,"78,390","78,390"
Arkansas,3/15/21,"39,780","39,780"
Louisiana,3/15/21,"62,010","62,010"
New Mexico,3/15/21,"28,080","28,080"
Oklahoma,3/15/21,"51,480","51,480"
Texas,3/15/21,"353,340","353,340"
Iowa,3/15/21,"42,120","42,120"
Kansas,3/15/21,"38,610","38,610"
Missouri,3/15/21,"80,730","80,730"
Nebraska,3/15/21,"25,740","25,740"
Colorado,3/15/21,"73,710","73,710"
Montana,3/15/21,"14,040","14,040"
North Dakota,3/15/21,"10,530","10,530"
South Dakota,3/15/21,"11,700","11,700"
Utah,3/15/21,"37,440","37,440"
Wyoming,3/15/21,"8,190","8,190"
Arizona,3/15/21,"92,430","92,430"
California,3/15/21,"515,970","515,970"
Hawaii,3/15/21,"19,890","19,890"
Nevada,3/15/21,"38,610","38,610"
American Samoa,3/15/21,0,0
Guam,3/15/21,0,0
Marshall Islands,3/15/21,0,0
Micronesia,3/15/21,0,0
Mariana Islands,3/15/21,0,0
Palau,3/15/21,0,0
Alaska,3/15/21,0,0
Idaho,3/15/21,"22,230","22,230"
Oregon,3/15/21,"56,160","56,160"
Washington,3/15/21,"98,280","98,280"
Federal Entities,3/15/21,"182,520","182,520"
Connecticut,3/8/21,"45,630","45,630"
Maine,3/8/21,"17,550","17,550"
Massachusetts,3/8/21,"87,750","87,750"
New Hampshire,3/8/21,"17,550","17,550"
Rhode Island,3/8/21,"14,040","14,040"
Vermont,3/8/21,"8,190","8,190"
New Jersey,3/8/21,"111,150","111,150"
New York,3/8/21,"140,400","140,400"
New York City,3/8/21,"106,470","106,470"
Puerto Rico,3/8/21,"43,290","43,290"
U.S. Virgin Islands,3/8/21,"2,340","2,340"
Delaware,3/8/21,"12,870","12,870"
District of Columbia,3/8/21,"9,360","9,360"
Maryland,3/8/21,"74,880","74,880"
Pennsylvania,3/8/21,"141,570","141,570"
Philadelphia,3/8/21,"19,890","19,890"
Virginia,3/8/21,"105,300","105,300"
West Virginia,3/8/21,"23,400","23,400"
Alabama,3/8/21,"60,840","60,840"
Florida,3/8/21,"262,080","262,080"
Georgia,3/8/21,"125,190","125,190"
Kentucky,3/8/21,"54,990","54,990"
Mississippi,3/8/21,"36,270","36,270"
North Carolina,3/8/21,"126,360","126,360"
South Carolina,3/8/21,"62,010","62,010"
Tennessee,3/8/21,"83,070","83,070"
Chicago,3/8/21,"33,930","33,930"
Illinois,3/8/21,"125,190","125,190"
Indiana,3/8/21,"80,730","80,730"
Michigan,3/8/21,"124,020","124,020"
Minnesota,3/8/21,"67,860","67,860"
Ohio,3/8/21,"143,910","143,910"
Wisconsin,3/8/21,"72,540","72,540"
Arkansas,3/8/21,"37,440","37,440"
Louisiana,3/8/21,"57,330","57,330"
New Mexico,3/8/21,"25,740","25,740"
Oklahoma,3/8/21,"47,970","47,970"
Texas,3/8/21,"328,770","328,770"
Iowa,3/8/21,"38,610","38,610"
Kansas,3/8/21,"35,100","35,100"
Missouri,3/8/21,"76,050","76,050"
Nebraska,3/8/21,"23,400","23,400"
Colorado,3/8/21,"69,030","69,030"
Montana,3/8/21,"14,040","14,040"
North Dakota,3/8/21,"10,530","10,530"
South Dakota,3/8/21,"10,530","10,530"
Utah,3/8/21,"35,100","35,100"
Wyoming,3/8/21,"8,190","8,190"
Arizona,3/8/21,"85,410","85,410"
California,3/8/21,"479,700","479,700"
Hawaii,3/8/21,"18,720","18,720"
Nevada,3/8/21,"36,270","36,270"
American Samoa,3/8/21,0,0
Guam,3/8/21,0,0
Marshall Islands,3/8/21,0,0
Micronesia,3/8/21,0,0
Mariana Islands,3/8/21,0,0
Palau,3/8/21,0,0
Alaska,3/8/21,0,0
Idaho,3/8/21,"19,890","19,890"
Oregon,3/8/21,"51,480","51,480"
Washington,3/8/21,"91,260","91,260"
Federal Entities,3/8/21,"230,490","221,130"
Alabama,3/1/21,"54,990","54,990"
Alaska,3/1/21,"53,820","53,820"
American Samoa,3/1/21,"9,360",0
Arizona,3/1/21,"78,390","78,390"
Arkansas,3/1/21,"33,930","33,930"
California,3/1/21,"438,750","438,750"
Chicago,3/1/21,"31,590","31,590"
Colorado,3/1/21,"63,180","63,180"
Connecticut,3/1/21,"42,120","42,120"
Delaware,3/1/21,"11,700","11,700"
District of Columbia,3/1/21,"9,360","9,360"
Federal Entities,3/1/21,"209,430","190,710"
Florida,3/1/21,"239,850","239,850"
Georgia,3/1/21,"114,660","114,660"
Guam,3/1/21,"21,060",0
Hawaii,3/1/21,"16,380","16,380"
Idaho,3/1/21,"18,720","18,720"
Illinois,3/1/21,"114,660","114,660"
Indiana,3/1/21,"74,880","74,880"
Iowa,3/1/21,"35,100","35,100"
Kansas,3/1/21,"32,760","32,760"
Kentucky,3/1/21,"50,310","50,310"
Louisiana,3/1/21,"52,650","52,650"
Maine,3/1/21,"16,380","16,380"
Mariana Islands,3/1/21,"9,360",0
Marshall Islands,3/1/21,0,0
Maryland,3/1/21,"69,030","69,030"
Massachusetts,3/1/21,"79,560","79,560"
Michigan,3/1/21,"113,490","113,490"
Micronesia,3/1/21,0,0
Minnesota,3/1/21,"62,010","62,010"
Mississippi,3/1/21,"33,930","33,930"
Missouri,3/1/21,"69,030","69,030"
Montana,3/1/21,"12,870","12,870"
Nebraska,3/1/21,"22,230","22,230"
Nevada,3/1/21,"33,930","33,930"
New Hampshire,3/1/21,"16,380","16,380"
New Jersey,3/1/21,"101,790","101,790"
New Mexico,3/1/21,"24,570","24,570"
New York,3/1/21,"128,700","128,700"
New York City,3/1/21,"98,280","98,280"
North Carolina,3/1/21,"115,830","115,830"
North Dakota,3/1/21,"9,360","9,360"
Ohio,3/1/21,"132,210","132,210"
Oklahoma,3/1/21,"43,290","43,290"
Oregon,3/1/21,"47,970","47,970"
Palau,3/1/21,0,0
Pennsylvania,3/1/21,"129,870","129,870"
Philadelphia,3/1/21,"18,720","18,720"
Puerto Rico,3/1/21,"39,780","39,780"
Rhode Island,3/1/21,"12,870","12,870"
South Carolina,3/1/21,"57,330","57,330"
South Dakota,3/1/21,"10,530","10,530"
Tennessee,3/1/21,"76,050","76,050"
Texas,3/1/21,"300,690","300,690"
U.S. Virgin Islands,3/1/21,"2,340","2,340"
Utah,3/1/21,"31,590","31,590"
Vermont,3/1/21,"8,190","8,190"
Virginia,3/1/21,"95,940","95,940"
Washington,3/1/21,"84,240","84,240"
West Virginia,3/1/21,"22,230","22,230"
Wisconsin,3/1/21,"66,690","66,690"
Wyoming,3/1/21,"7,020","7,020"
Alabama,2/22/21,"47,970","47,970"
Alaska,2/22/21,0,0
American Samoa,2/22/21,0,0
Arizona,2/22/21,"69,030","69,030"
Arkansas,2/22/21,"29,250","29,250"
California,2/22/21,"382,590","382,590"
Chicago,2/22/21,"26,910","26,910"
Colorado,2/22/21,"54,990","54,990"
Connecticut,2/22/21,"36,270","36,270"
Delaware,2/22/21,"10,530","10,530"
District of Columbia,2/22/21,"8,190","8,190"
Federal Entities,2/22/21,"166,140","166,140"
Florida,2/22/21,"209,430","209,430"
Georgia,2/22/21,"99,450","99,450"
Guam,2/22/21,0,0
Hawaii,2/22/21,"15,210","15,210"
Idaho,2/22/21,"16,380","16,380"
Illinois,2/22/21,"99,450","99,450"
Indiana,2/22/21,"64,350","64,350"
Iowa,2/22/21,"31,590","31,590"
Kansas,2/22/21,"28,080","28,080"
Kentucky,2/22/21,"44,460","44,460"
Louisiana,2/22/21,"45,630","45,630"
Maine,2/22/21,"14,040","14,040"
Mariana Islands,2/22/21,0,0
Marshall Islands,2/22/21,0,0
Maryland,2/22/21,"59,670","59,670"
Massachusetts,2/22/21,"70,200","70,200"
Michigan,2/22/21,"99,450","99,450"
Micronesia,2/22/21,0,0
Minnesota,2/22/21,"54,990","54,990"
Mississippi,2/22/21,"29,250","29,250"
Missouri,2/22/21,"60,840","60,840"
Montana,2/22/21,"10,530","10,530"
Nebraska,2/22/21,"18,720","18,720"
Nevada,2/22/21,"29,250","29,250"
New Hampshire,2/22/21,"14,040","14,040"
New Jersey,2/22/21,"88,920","88,920"
New Mexico,2/22/21,"21,060","21,060"
New York,2/22/21,"112,320","112,320"
New York City,2/22/21,"85,410","85,410"
North Carolina,2/22/21,"100,620","100,620"
North Dakota,2/22/21,"8,190","8,190"
Ohio,2/22/21,"115,830","115,830"
Oklahoma,2/22/21,"38,610","38,610"
Oregon,2/22/21,"42,120","42,120"
Palau,2/22/21,0,0
Pennsylvania,2/22/21,"113,490","113,490"
Philadelphia,2/22/21,"16,380","16,380"
Puerto Rico,2/22/21,"35,100","35,100"
Rhode Island,2/22/21,"11,700","11,700"
South Carolina,2/22/21,"49,140","49,140"
South Dakota,2/22/21,"9,360","9,360"
Tennessee,2/22/21,"65,520","65,520"
Texas,2/22/21,"262,080","262,080"
U.S. Virgin Islands,2/22/21,"1,170","1,170"
Utah,2/22/21,"28,080","28,080"
Vermont,2/22/21,"7,020","7,020"
Virginia,2/22/21,"84,240","84,240"
Washington,2/22/21,"73,710","73,710"
West Virginia,2/22/21,"18,720","18,720"
Wisconsin,2/22/21,"58,500","58,500"
Wyoming,2/22/21,"5,850","5,850"
Alabama,2/15/21,"30,225","30,225"
Alaska,2/15/21,0,0
American Samoa,2/15/21,0,0
Arizona,2/15/21,"42,900","42,900"
Arkansas,2/15/21,"18,525","18,525"
California,2/15/21,"241,800","241,800"
Chicago,2/15/21,"17,550","17,550"
Colorado,2/15/21,"35,100","35,100"
Connecticut,2/15/21,"23,400","23,400"
Delaware,2/15/21,"6,825","6,825"
District of Columbia,2/15/21,"4,875","4,875"
Federal Entities,2/15/21,"105,300","105,300"
Florida,2/15/21,"132,600","132,600"
Georgia,2/15/21,"63,375","63,375"
Guam,2/15/21,0,0
Hawaii,2/15/21,"9,750","9,750"
Idaho,2/15/21,"10,725","10,725"
Illinois,2/15/21,"63,375","63,375"
Indiana,2/15/21,"40,950","40,950"
Iowa,2/15/21,"19,500","19,500"
Kansas,2/15/21,"18,525","18,525"
Kentucky,2/15/21,"28,275","28,275"
Louisiana,2/15/21,"29,250","29,250"
Maine,2/15/21,"8,775","8,775"
Mariana Islands,2/15/21,0,0
Marshall Islands,2/15/21,0,0
Maryland,2/15/21,"38,025","38,025"
Massachusetts,2/15/21,"43,875","43,875"
Michigan,2/15/21,"62,400","62,400"
Micronesia,2/15/21,0,0
Minnesota,2/15/21,"34,125","34,125"
Mississippi,2/15/21,"18,525","18,525"
Missouri,2/15/21,"38,025","38,025"
Montana,2/15/21,"6,825","6,825"
Nebraska,2/15/21,"11,700","11,700"
Nevada,2/15/21,"18,525","18,525"
New Hampshire,2/15/21,"8,775","8,775"
New Jersey,2/15/21,"55,575","55,575"
New Mexico,2/15/21,"13,650","13,650"
New York,2/15/21,"71,175","71,175"
New York City,2/15/21,"53,625","53,625"
North Carolina,2/15/21,"63,375","63,375"
North Dakota,2/15/21,"4,875","4,875"
Ohio,2/15/21,"73,125","73,125"
Oklahoma,2/15/21,"24,375","24,375"
Oregon,2/15/21,"26,325","26,325"
Palau,2/15/21,0,0
Pennsylvania,2/15/21,"71,175","71,175"
Philadelphia,2/15/21,"10,725","10,725"
Puerto Rico,2/15/21,"22,425","22,425"
Rhode Island,2/15/21,"6,825","6,825"
South Carolina,2/15/21,"31,200","31,200"
South Dakota,2/15/21,"5,850","5,850"
Tennessee,2/15/21,"41,925","41,925"
Texas,2/15/21,"165,750","165,750"
U.S. Virgin Islands,2/15/21,975,975
Utah,2/15/21,"17,550","17,550"
Vermont,2/15/21,"4,875","4,875"
Virginia,2/15/21,"52,650","52,650"
Washington,2/15/21,"46,800","46,800"
West Virginia,2/15/21,"11,700","11,700"
Wisconsin,2/15/21,"37,050","37,050"
Wyoming,2/15/21,"3,900","3,900"
Alabama,2/8/21,"30,225","30,225"
Alaska,2/8/21,0,0
American Samoa,2/8/21,0,0
Arizona,2/8/21,"42,900","42,900"
Arkansas,2/8/21,"18,525","18,525"
California,2/8/21,"241,800","241,800"
Chicago,2/8/21,"17,550","17,550"
Colorado,2/8/21,"35,100","35,100"
Connecticut,2/8/21,"23,400","23,400"
Delaware,2/8/21,"6,825","6,825"
District of Columbia,2/8/21,"4,875","4,875"
Federal Entities,2/8/21,"105,300","105,300"
Florida,2/8/21,"132,600","132,600"
Georgia,2/8/21,"63,375","63,375"
Guam,2/8/21,0,0
Hawaii,2/8/21,"9,750","9,750"
Idaho,2/8/21,"10,725","10,725"
Illinois,2/8/21,"63,375","63,375"
Indiana,2/8/21,"40,950","40,950"
Iowa,2/8/21,"19,500","19,500"
Kansas,2/8/21,"18,525","18,525"
Kentucky,2/8/21,"28,275","28,275"
Louisiana,2/8/21,"29,250","29,250"
Maine,2/8/21,"8,775","8,775"
Mariana Islands,2/8/21,0,0
Marshall Islands,2/8/21,0,0
Maryland,2/8/21,"38,025","38,025"
Massachusetts,2/8/21,"43,875","43,875"
Michigan,2/8/21,"62,400","62,400"
Micronesia,2/8/21,0,0
Minnesota,2/8/21,"34,125","34,125"
Mississippi,2/8/21,"18,525","18,525"
Missouri,2/8/21,"38,025","38,025"
Montana,2/8/21,"6,825","6,825"
Nebraska,2/8/21,"11,700","11,700"
Nevada,2/8/21,"18,525","18,525"
New Hampshire,2/8/21,"8,775","8,775"
New Jersey,2/8/21,"55,575","55,575"
New Mexico,2/8/21,"13,650","13,650"
New York,2/8/21,"71,175","71,175"
New York City,2/8/21,"53,625","53,625"
North Carolina,2/8/21,"63,375","63,375"
North Dakota,2/8/21,"4,875","4,875"
Ohio,2/8/21,"73,125","73,125"
Oklahoma,2/8/21,"24,375","24,375"
Oregon,2/8/21,"26,325","26,325"
Palau,2/8/21,0,0
Pennsylvania,2/8/21,"71,175","71,175"
Philadelphia,2/8/21,"10,725","10,725"
Puerto Rico,2/8/21,"22,425","22,425"
Rhode Island,2/8/21,"6,825","6,825"
South Carolina,2/8/21,"31,200","31,200"
South Dakota,2/8/21,"5,850","5,850"
Tennessee,2/8/21,"41,925","41,925"
Texas,2/8/21,"165,750","165,750"
U.S. Virgin Islands,2/8/21,975,975
Utah,2/8/21,"17,550","17,550"
Vermont,2/8/21,"4,875","4,875"
Virginia,2/8/21,"52,650","52,650"
Washington,2/8/21,"46,800","46,800"
West Virginia,2/8/21,"11,700","11,700"
Wisconsin,2/8/21,"37,050","37,050"
Wyoming,2/8/21,"3,900","3,900"
Alabama,2/1/21,"30,225","30,225"
Alaska,2/1/21,"27,300","27,300"
American Samoa,2/1/21,"7,800",0
Arizona,2/1/21,"42,900","42,900"
Arkansas,2/1/21,"18,525","18,525"
California,2/1/21,"240,825","240,825"
Chicago,2/1/21,"17,550","17,550"
Colorado,2/1/21,"34,125","34,125"
Connecticut,2/1/21,"23,400","23,400"
Delaware,2/1/21,"6,825","6,825"
District of Columbia,2/1/21,"4,875","4,875"
Federal Entities,2/1/21,"119,925","104,325"
Florida,2/1/21,"131,625","131,625"
Georgia,2/1/21,"62,400","62,400"
Guam,2/1/21,"7,800",0
Hawaii,2/1/21,"9,750","9,750"
Idaho,2/1/21,"10,725","10,725"
Illinois,2/1/21,"62,400","62,400"
Indiana,2/1/21,"40,950","40,950"
Iowa,2/1/21,"19,500","19,500"
Kansas,2/1/21,"17,550","17,550"
Kentucky,2/1/21,"28,275","28,275"
Louisiana,2/1/21,"29,250","29,250"
Maine,2/1/21,"8,775","8,775"
Mariana Islands,2/1/21,"7,800",0
Marshall Islands,2/1/21,0,0
Maryland,2/1/21,"38,025","38,025"
Massachusetts,2/1/21,"43,875","43,875"
Michigan,2/1/21,"62,400","62,400"
Micronesia,2/1/21,0,0
Minnesota,2/1/21,"34,125","34,125"
Mississippi,2/1/21,"18,525","18,525"
Missouri,2/1/21,"38,025","38,025"
Montana,2/1/21,"6,825","6,825"
Nebraska,2/1/21,"11,700","11,700"
Nevada,2/1/21,"18,525","18,525"
New Hampshire,2/1/21,"8,775","8,775"
New Jersey,2/1/21,"55,575","55,575"
New Mexico,2/1/21,"13,650","13,650"
New York,2/1/21,"70,200","70,200"
New York City,2/1/21,"53,625","53,625"
North Carolina,2/1/21,"63,375","63,375"
North Dakota,2/1/21,"4,875","4,875"
Ohio,2/1/21,"72,150","72,150"
Oklahoma,2/1/21,"24,375","24,375"
Oregon,2/1/21,"26,325","26,325"
Palau,2/1/21,0,0
Pennsylvania,2/1/21,"71,175","71,175"
Philadelphia,2/1/21,"10,725","10,725"
Puerto Rico,2/1/21,"22,425","22,425"
Rhode Island,2/1/21,"6,825","6,825"
South Carolina,2/1/21,"31,200","31,200"
South Dakota,2/1/21,"5,850","5,850"
Tennessee,2/1/21,"41,925","41,925"
Texas,2/1/21,"164,775","164,775"
U.S. Virgin Islands,2/1/21,975,975
Utah,2/1/21,"17,550","17,550"
Vermont,2/1/21,"4,875","4,875"
Virginia,2/1/21,"52,650","52,650"
Washington,2/1/21,"45,825","45,825"
West Virginia,2/1/21,"11,700","11,700"
Wisconsin,2/1/21,"36,075","36,075"
Wyoming,2/1/21,"3,900","3,900"
Alabama,1/25/21,"30,225","30,225"
Alaska,1/25/21,0,0
American Samoa,1/25/21,0,0
Arizona,1/25/21,"42,900","42,900"
Arkansas,1/25/21,"18,525","18,525"
California,1/25/21,"241,800","241,800"
Chicago,1/25/21,"17,550","17,550"
Colorado,1/25/21,"35,100","35,100"
Connecticut,1/25/21,"23,400","23,400"
Delaware,1/25/21,"6,825","6,825"
District of Columbia,1/25/21,"4,875","4,875"
Federal Entities,1/25/21,"105,300","105,300"
Florida,1/25/21,"132,600","132,600"
Georgia,1/25/21,"63,375","63,375"
Guam,1/25/21,0,0
Hawaii,1/25/21,"9,750","9,750"
Idaho,1/25/21,"10,725","10,725"
Illinois,1/25/21,"63,375","63,375"
Indiana,1/25/21,"40,950","40,950"
Iowa,1/25/21,"19,500","19,500"
Kansas,1/25/21,"18,525","18,525"
Kentucky,1/25/21,"28,275","28,275"
Louisiana,1/25/21,"29,250","29,250"
Maine,1/25/21,"8,775","8,775"
Mariana Islands,1/25/21,0,0
Marshall Islands,1/25/21,0,0
Maryland,1/25/21,"38,025","38,025"
Massachusetts,1/25/21,"43,875","43,875"
Michigan,1/25/21,"62,400","62,400"
Micronesia,1/25/21,0,0
Minnesota,1/25/21,"34,125","34,125"
Mississippi,1/25/21,"18,525","18,525"
Missouri,1/25/21,"38,025","38,025"
Montana,1/25/21,"6,825","6,825"
Nebraska,1/25/21,"11,700","11,700"
Nevada,1/25/21,"18,525","18,525"
New Hampshire,1/25/21,"8,775","8,775"
New Jersey,1/25/21,"55,575","55,575"
New Mexico,1/25/21,"13,650","13,650"
New York,1/25/21,"71,175","71,175"
New York City,1/25/21,"53,625","53,625"
North Carolina,1/25/21,"63,375","63,375"
North Dakota,1/25/21,"4,875","4,875"
Ohio,1/25/21,"73,125","73,125"
Oklahoma,1/25/21,"24,375","24,375"
Oregon,1/25/21,"26,325","26,325"
Palau,1/25/21,0,0
Pennsylvania,1/25/21,"71,175","71,175"
Philadelphia,1/25/21,"10,725","10,725"
Puerto Rico,1/25/21,"22,425","22,425"
Rhode Island,1/25/21,"6,825","6,825"
South Carolina,1/25/21,"31,200","31,200"
South Dakota,1/25/21,"5,850","5,850"
Tennessee,1/25/21,"41,925","41,925"
Texas,1/25/21,"165,750","165,750"
U.S. Virgin Islands,1/25/21,975,975
Utah,1/25/21,"17,550","17,550"
Vermont,1/25/21,"4,875","4,875"
Virginia,1/25/21,"52,650","52,650"
Washington,1/25/21,"46,800","46,800"
West Virginia,1/25/21,"11,700","11,700"
Wisconsin,1/25/21,"37,050","37,050"
Wyoming,1/25/21,"3,900","3,900"
Alabama,1/18/21,"30,225","30,225"
Alaska,1/18/21,0,0
American Samoa,1/18/21,0,0
Arizona,1/18/21,"42,900","42,900"
Arkansas,1/18/21,"18,525","18,525"
California,1/18/21,"241,800","241,800"
Chicago,1/18/21,"17,550","17,550"
Colorado,1/18/21,"35,100","35,100"
Connecticut,1/18/21,"23,400","23,400"
Delaware,1/18/21,"6,825","6,825"
District of Columbia,1/18/21,"4,875","4,875"
Federal Entities,1/18/21,"105,300","105,300"
Florida,1/18/21,"132,600","132,600"
Georgia,1/18/21,"63,375","63,375"
Guam,1/18/21,0,0
Hawaii,1/18/21,"9,750","9,750"
Idaho,1/18/21,"10,725","10,725"
Illinois,1/18/21,"63,375","63,375"
Indiana,1/18/21,"40,950","40,950"
Iowa,1/18/21,"19,500","19,500"
Kansas,1/18/21,"18,525","18,525"
Kentucky,1/18/21,"28,275","28,275"
Louisiana,1/18/21,"29,250","29,250"
Maine,1/18/21,"8,775","8,775"
Mariana Islands,1/18/21,0,0
Marshall Islands,1/18/21,0,0
Maryland,1/18/21,"38,025","38,025"
Massachusetts,1/18/21,"43,875","43,875"
Michigan,1/18/21,"62,400","62,400"
Micronesia,1/18/21,0,0
Minnesota,1/18/21,"34,125","34,125"
Mississippi,1/18/21,"18,525","18,525"
Missouri,1/18/21,"38,025","38,025"
Montana,1/18/21,"6,825","6,825"
Nebraska,1/18/21,"11,700","11,700"
Nevada,1/18/21,"18,525","18,525"
New Hampshire,1/18/21,"8,775","8,775"
New Jersey,1/18/21,"55,575","55,575"
New Mexico,1/18/21,"13,650","13,650"
New York,1/18/21,"71,175","71,175"
New York City,1/18/21,"53,625","53,625"
North Carolina,1/18/21,"63,375","63,375"
North Dakota,1/18/21,"4,875","4,875"
Ohio,1/18/21,"73,125","73,125"
Oklahoma,1/18/21,"24,375","24,375"
Oregon,1/18/21,"26,325","26,325"
Palau,1/18/21,0,0
Pennsylvania,1/18/21,"71,175","71,175"
Philadelphia,1/18/21,"10,725","10,725"
Puerto Rico,1/18/21,"22,425","22,425"
Rhode Island,1/18/21,"6,825","6,825"
South Carolina,1/18/21,"31,200","31,200"
South Dakota,1/18/21,"5,850","5,850"
Tennessee,1/18/21,"41,925","41,925"
Texas,1/18/21,"165,750","165,750"
U.S. Virgin Islands,1/18/21,975,975
Utah,1/18/21,"17,550","17,550"
Vermont,1/18/21,"4,875","4,875"
Virginia,1/18/21,"52,650","52,650"
Washington,1/18/21,"46,800","46,800"
West Virginia,1/18/21,"11,700","11,700"
Wisconsin,1/18/21,"37,050","37,050"
Wyoming,1/18/21,"3,900","3,900"
Alabama,1/11/21,"29,250","29,250"
Alaska,1/11/21,0,0
American Samoa,1/11/21,0,0
Arizona,1/11/21,"41,925","41,925"
Arkansas,1/11/21,"18,525","18,525"
California,1/11/21,"233,025","233,025"
Chicago,1/11/21,"16,575","16,575"
Colorado,1/11/21,"33,150","33,150"
Connecticut,1/11/21,"22,425","22,425"
Delaware,1/11/21,"5,850","5,850"
District of Columbia,1/11/21,"4,875","4,875"
Federal Entities,1/11/21,"102,375","102,375"
Florida,1/11/21,"127,725","127,725"
Georgia,1/11/21,"60,450","60,450"
Guam,1/11/21,0,0
Hawaii,1/11/21,"8,775","8,775"
Idaho,1/11/21,"9,750","9,750"
Illinois,1/11/21,"60,450","60,450"
Indiana,1/11/21,"39,975","39,975"
Iowa,1/11/21,"19,500","19,500"
Kansas,1/11/21,"17,550","17,550"
Kentucky,1/11/21,"27,300","27,300"
Louisiana,1/11/21,"28,275","28,275"
Maine,1/11/21,"8,775","8,775"
Mariana Islands,1/11/21,0,0
Marshall Islands,1/11/21,0,0
Maryland,1/11/21,"36,075","36,075"
Massachusetts,1/11/21,"42,900","42,900"
Michigan,1/11/21,"60,450","60,450"
Micronesia,1/11/21,0,0
Minnesota,1/11/21,"33,150","33,150"
Mississippi,1/11/21,"17,550","17,550"
Missouri,1/11/21,"37,050","37,050"
Montana,1/11/21,"6,825","6,825"
Nebraska,1/11/21,"11,700","11,700"
Nevada,1/11/21,"17,550","17,550"
New Hampshire,1/11/21,"8,775","8,775"
New Jersey,1/11/21,"53,625","53,625"
New Mexico,1/11/21,"12,675","12,675"
New York,1/11/21,"68,250","68,250"
New York City,1/11/21,"51,675","51,675"
North Carolina,1/11/21,"61,425","61,425"
North Dakota,1/11/21,"4,875","4,875"
Ohio,1/11/21,"70,200","70,200"
Oklahoma,1/11/21,"23,400","23,400"
Oregon,1/11/21,"25,350","25,350"
Palau,1/11/21,0,0
Pennsylvania,1/11/21,"69,225","69,225"
Philadelphia,1/11/21,"9,750","9,750"
Puerto Rico,1/11/21,"21,450","21,450"
Rhode Island,1/11/21,"6,825","6,825"
South Carolina,1/11/21,"30,225","30,225"
South Dakota,1/11/21,"5,850","5,850"
Tennessee,1/11/21,"39,975","39,975"
Texas,1/11/21,"159,900","159,900"
U.S. Virgin Islands,1/11/21,975,975
Utah,1/11/21,"16,575","16,575"
Vermont,1/11/21,"4,875","4,875"
Virginia,1/11/21,"50,700","50,700"
Washington,1/11/21,"57,525","57,525"
West Virginia,1/11/21,"11,700","11,700"
Wisconsin,1/11/21,"35,100","35,100"
Wyoming,1/11/21,"3,900","3,900"
Alabama,1/4/21,"29,250","29,250"
Alaska,1/4/21,"27,300","27,300"
American Samoa,1/4/21,"7,800",0
Arizona,1/4/21,"41,925","41,925"
Arkansas,1/4/21,"18,525","18,525"
California,1/4/21,"232,050","232,050"
Chicago,1/4/21,"16,575","16,575"
Colorado,1/4/21,"33,150","33,150"
Connecticut,1/4/21,"22,425","22,425"
Delaware,1/4/21,"5,850","5,850"
District of Columbia,1/4/21,"4,875","4,875"
Federal Entities,1/4/21,"117,000","101,400"
Florida,1/4/21,"126,750","126,750"
Georgia,1/4/21,"60,450","60,450"
Guam,1/4/21,"7,800",0
Hawaii,1/4/21,"8,775","8,775"
Idaho,1/4/21,"9,750","9,750"
Illinois,1/4/21,"60,450","60,450"
Indiana,1/4/21,"39,000","39,000"
Iowa,1/4/21,"18,525","18,525"
Kansas,1/4/21,"17,550","17,550"
Kentucky,1/4/21,"27,300","27,300"
Louisiana,1/4/21,"28,275","28,275"
Maine,1/4/21,"8,775","8,775"
Mariana Islands,1/4/21,"7,800",0
Marshall Islands,1/4/21,0,0
Maryland,1/4/21,"36,075","36,075"
Massachusetts,1/4/21,"42,900","42,900"
Michigan,1/4/21,"60,450","60,450"
Micronesia,1/4/21,0,0
Minnesota,1/4/21,"33,150","33,150"
Mississippi,1/4/21,"17,550","17,550"
Missouri,1/4/21,"37,050","37,050"
Montana,1/4/21,"6,825","6,825"
Nebraska,1/4/21,"11,700","11,700"
Nevada,1/4/21,"17,550","17,550"
New Hampshire,1/4/21,"8,775","8,775"
New Jersey,1/4/21,"53,625","53,625"
New Mexico,1/4/21,"12,675","12,675"
New York,1/4/21,"68,250","68,250"
New York City,1/4/21,"51,675","51,675"
North Carolina,1/4/21,"61,425","61,425"
North Dakota,1/4/21,"4,875","4,875"
Ohio,1/4/21,"70,200","70,200"
Oklahoma,1/4/21,"23,400","23,400"
Oregon,1/4/21,"25,350","25,350"
Palau,1/4/21,0,0
Pennsylvania,1/4/21,"69,225","69,225"
Philadelphia,1/4/21,"9,750","9,750"
Puerto Rico,1/4/21,"21,450","21,450"
Rhode Island,1/4/21,"6,825","6,825"
South Carolina,1/4/21,"30,225","30,225"
South Dakota,1/4/21,"5,850","5,850"
Tennessee,1/4/21,"39,975","39,975"
Texas,1/4/21,"158,925","158,925"
U.S. Virgin Islands,1/4/21,975,975
Utah,1/4/21,"16,575","16,575"
Vermont,1/4/21,"3,900","3,900"
Virginia,1/4/21,"50,700","50,700"
Washington,1/4/21,"44,850","44,850"
West Virginia,1/4/21,"11,700","11,700"
Wisconsin,1/4/21,"35,100","35,100"
Wyoming,1/4/21,"3,900","3,900"
Alabama,12/28/20,"38,025","38,025"
Alaska,12/28/20,0,0
American Samoa,12/28/20,0,0
Arizona,12/28/20,"53,625","53,625"
Arkansas,12/28/20,"23,400","23,400"
California,12/28/20,"297,375","297,375"
Chicago,12/28/20,"21,450","21,450"
Colorado,12/28/20,"42,900","42,900"
Connecticut,12/28/20,"28,275","28,275"
Delaware,12/28/20,"7,800","7,800"
District of Columbia,12/28/20,"5,850","5,850"
Federal Entities,12/28/20,"128,700","128,700"
Florida,12/28/20,"162,825","162,825"
Georgia,12/28/20,"77,025","77,025"
Guam,12/28/20,0,0
Hawaii,12/28/20,"11,700","11,700"
Idaho,12/28/20,"12,675","12,675"
Illinois,12/28/20,"78,000","78,000"
Indiana,12/28/20,"50,700","50,700"
Iowa,12/28/20,"24,375","24,375"
Kansas,12/28/20,"22,425","22,425"
Kentucky,12/28/20,"34,125","34,125"
Louisiana,12/28/20,"36,075","36,075"
Maine,12/28/20,"10,725","10,725"
Mariana Islands,12/28/20,0,0
Marshall Islands,12/28/20,0,0
Maryland,12/28/20,"46,800","46,800"
Massachusetts,12/28/20,"54,600","54,600"
Michigan,12/28/20,"77,025","77,025"
Micronesia,12/28/20,0,0
Minnesota,12/28/20,"42,900","42,900"
Mississippi,12/28/20,"22,425","22,425"
Missouri,12/28/20,"46,800","46,800"
Montana,12/28/20,"8,775","8,775"
Nebraska,12/28/20,"14,625","14,625"
Nevada,12/28/20,"22,425","22,425"
New Hampshire,12/28/20,"10,725","10,725"
New Jersey,12/28/20,"68,250","68,250"
New Mexico,12/28/20,"16,575","16,575"
New York,12/28/20,"87,750","87,750"
New York City,12/28/20,"66,300","66,300"
North Carolina,12/28/20,"78,000","78,000"
North Dakota,12/28/20,"5,850","5,850"
Ohio,12/28/20,"89,700","89,700"
Oklahoma,12/28/20,"29,250","29,250"
Oregon,12/28/20,"32,175","32,175"
Palau,12/28/20,0,0
Pennsylvania,12/28/20,"88,725","88,725"
Philadelphia,12/28/20,"12,675","12,675"
Puerto Rico,12/28/20,"27,300","27,300"
Rhode Island,12/28/20,"8,775","8,775"
South Carolina,12/28/20,"39,000","39,000"
South Dakota,12/28/20,"6,825","6,825"
Tennessee,12/28/20,"51,675","51,675"
Texas,12/28/20,"203,775","203,775"
U.S. Virgin Islands,12/28/20,975,975
Utah,12/28/20,"21,450","21,450"
Vermont,12/28/20,"5,850","5,850"
Virginia,12/28/20,"65,325","65,325"
Washington,12/28/20,"57,525","57,525"
West Virginia,12/28/20,"14,625","14,625"
Wisconsin,12/28/20,"44,850","44,850"
Wyoming,12/28/20,"4,875","4,875"
Alabama,12/21/20,"29,250","29,250"
Alaska,12/21/20,0,0
American Samoa,12/21/20,0,0
Arizona,12/21/20,"41,925","41,925"
Arkansas,12/21/20,"18,525","18,525"
California,12/21/20,"233,025","233,025"
Chicago,12/21/20,"16,575","16,575"
Colorado,12/21/20,"33,150","33,150"
Connecticut,12/21/20,"22,425","22,425"
Delaware,12/21/20,"5,850","5,850"
District of Columbia,12/21/20,"4,875","4,875"
Federal Entities,12/21/20,"102,375","102,375"
Florida,12/21/20,"127,725","127,725"
Georgia,12/21/20,"60,450","60,450"
Guam,12/21/20,0,0
Hawaii,12/21/20,"8,775","8,775"
Idaho,12/21/20,"9,750","9,750"
Illinois,12/21/20,"60,450","60,450"
Indiana,12/21/20,"39,975","39,975"
Iowa,12/21/20,"19,500","19,500"
Kansas,12/21/20,"17,550","17,550"
Kentucky,12/21/20,"27,300","27,300"
Louisiana,12/21/20,"28,275","28,275"
Maine,12/21/20,"8,775","8,775"
Mariana Islands,12/21/20,0,0
Marshall Islands,12/21/20,0,0
Maryland,12/21/20,"36,075","36,075"
Massachusetts,12/21/20,"42,900","42,900"
Michigan,12/21/20,"60,450","60,450"
Micronesia,12/21/20,0,0
Minnesota,12/21/20,"33,150","33,150"
Mississippi,12/21/20,"17,550","17,550"
Missouri,12/21/20,"37,050","37,050"
Montana,12/21/20,"6,825","6,825"
Nebraska,12/21/20,"11,700","11,700"
Nevada,12/21/20,"17,550","17,550"
New Hampshire,12/21/20,"8,775","8,775"
New Jersey,12/21/20,"53,625","53,625"
New Mexico,12/21/20,"12,675","12,675"
New York,12/21/20,"68,250","68,250"
New York City,12/21/20,"51,675","51,675"
North Carolina,12/21/20,"61,425","61,425"
North Dakota,12/21/20,"4,875","4,875"
Ohio,12/21/20,"70,200","70,200"
Oklahoma,12/21/20,"23,400","23,400"
Oregon,12/21/20,"25,350","25,350"
Palau,12/21/20,0,0
Pennsylvania,12/21/20,"69,225","69,225"
Philadelphia,12/21/20,"9,750","9,750"
Puerto Rico,12/21/20,"21,450","21,450"
Rhode Island,12/21/20,"6,825","6,825"
South Carolina,12/21/20,"30,225","30,225"
South Dakota,12/21/20,"5,850","5,850"
Tennessee,12/21/20,"39,975","39,975"
Texas,12/21/20,"159,900","159,900"
U.S. Virgin Islands,12/21/20,975,975
Utah,12/21/20,"16,575","16,575"
Vermont,12/21/20,"4,875","4,875"
Virginia,12/21/20,"50,700","50,700"
Washington,12/21/20,"44,850","44,850"
West Virginia,12/21/20,"11,700","11,700"
Wisconsin,12/21/20,"35,100","35,100"
Wyoming,12/21/20,"3,900","3,900"
Alabama,12/14/20,"40,950","40,950"
Alaska,12/14/20,"35,100","35,100"
American Samoa,12/14/20,"5,850",0
Arizona,12/14/20,"58,500","58,500"
Arkansas,12/14/20,"25,350","25,350"
California,12/14/20,"327,600","327,600"
Chicago,12/14/20,"23,400","23,400"
Colorado,12/14/20,"46,800","46,800"
Connecticut,12/14/20,"31,200","31,200"
Delaware,12/14/20,"8,775","8,775"
District of Columbia,12/14/20,"6,825","6,825"
Federal Entities,12/14/20,"156,000","142,350"
Florida,12/14/20,"179,400","179,400"
Georgia,12/14/20,"84,825","84,825"
Guam,12/14/20,"11,700",0
Hawaii,12/14/20,"12,675","12,675"
Idaho,12/14/20,"13,650","13,650"
Illinois,12/14/20,"85,800","85,800"
Indiana,12/14/20,"55,575","55,575"
Iowa,12/14/20,"26,325","26,325"
Kansas,12/14/20,"24,375","24,375"
Kentucky,12/14/20,"38,025","38,025"
Louisiana,12/14/20,"39,000","39,000"
Maine,12/14/20,"12,675","12,675"
Mariana Islands,12/14/20,"5,850",0
Marshall Islands,12/14/20,0,0
Maryland,12/14/20,"50,700","50,700"
Massachusetts,12/14/20,"59,475","59,475"
Michigan,12/14/20,"84,825","84,825"
Micronesia,12/14/20,0,0
Minnesota,12/14/20,"46,800","46,800"
Mississippi,12/14/20,"25,350","25,350"
Missouri,12/14/20,"51,675","51,675"
Montana,12/14/20,"9,750","9,750"
Nebraska,12/14/20,"16,575","16,575"
Nevada,12/14/20,"25,350","25,350"
New Hampshire,12/14/20,"12,675","12,675"
New Jersey,12/14/20,"76,050","76,050"
New Mexico,12/14/20,"17,550","17,550"
New York,12/14/20,"96,525","96,525"
New York City,12/14/20,"73,125","73,125"
North Carolina,12/14/20,"85,800","85,800"
North Dakota,12/14/20,"6,825","6,825"
Ohio,12/14/20,"98,475","98,475"
Oklahoma,12/14/20,"33,150","33,150"
Oregon,12/14/20,"35,100","35,100"
Palau,12/14/20,0,0
Pennsylvania,12/14/20,"97,500","97,500"
Philadelphia,12/14/20,"13,650","13,650"
Puerto Rico,12/14/20,"30,225","30,225"
Rhode Island,12/14/20,"9,750","9,750"
South Carolina,12/14/20,"42,900","42,900"
South Dakota,12/14/20,"7,800","7,800"
Tennessee,12/14/20,"56,550","56,550"
Texas,12/14/20,"224,250","224,250"
U.S. Virgin Islands,12/14/20,975,975
Utah,12/14/20,"23,400","23,400"
Vermont,12/14/20,"5,850","5,850"
Virginia,12/14/20,"72,150","72,150"
Washington,12/14/20,"62,400","62,400"
West Virginia,12/14/20,"16,575","16,575"
Wisconsin,12/14/20,"49,725","49,725"
Wyoming,12/14/20,"4,875","4,875"